regime,x,y
"Strong adjustment: shallow h, moderate ventilation",0.9999926685515014,0.9999896414262742
"Strong adjustment: shallow h, moderate ventilation",0.9999922179392299,0.9999890056796883
"Strong adjustment: shallow h, moderate ventilation",0.9999917403248088,0.999988330915319
"Strong adjustment: shallow h, moderate ventilation",0.9999912333972196,0.9999876147385859
"Strong adjustment: shallow h, moderate ventilation",0.999990695357986,0.9999868546079558
"Strong adjustment: shallow h, moderate ventilation",0.9999901242977558,0.9999860478259264
"Strong adjustment: shallow h, moderate ventilation",0.9999895181899972,0.9999851915294581
"Strong adjustment: shallow h, moderate ventilation",0.9999888748838204,0.999984282679814
"Strong adjustment: shallow h, moderate ventilation",0.9999881920963446,0.9999833180517815
"Strong adjustment: shallow h, moderate ventilation",0.9999874674045953,0.999982294222229
"Strong adjustment: shallow h, moderate ventilation",0.9999866982369131,0.9999812075579627
"Strong adjustment: shallow h, moderate ventilation",0.9999858818638275,0.9999800542028392
"Strong adjustment: shallow h, moderate ventilation",0.9999850153883812,0.9999788300640848
"Strong adjustment: shallow h, moderate ventilation",0.9999840967351078,0.9999775307977753
"Strong adjustment: shallow h, moderate ventilation",0.9999831207036627,0.9999761517934396
"Strong adjustment: shallow h, moderate ventilation",0.9999820847715606,0.9999746881576885
"Strong adjustment: shallow h, moderate ventilation",0.9999809852631155,0.9999731346968702
"Strong adjustment: shallow h, moderate ventilation",0.9999798182768131,0.9999714858986474
"Strong adjustment: shallow h, moderate ventilation",0.9999785796717482,0.9999697359124461
"Strong adjustment: shallow h, moderate ventilation",0.9999772650529248,0.9999678785287076
"Strong adjustment: shallow h, moderate ventilation",0.9999758697556893,0.999965907156868
"Strong adjustment: shallow h, moderate ventilation",0.9999743888291753,0.9999638148019855
"Strong adjustment: shallow h, moderate ventilation",0.9999728170187498,0.9999615940399387
"Strong adjustment: shallow h, moderate ventilation",0.9999711487473965,0.999959236991102
"Strong adjustment: shallow h, moderate ventilation",0.99996937809592,0.9999567352924071
"Strong adjustment: shallow h, moderate ventilation",0.9999674987819768,0.9999540800676939
"Strong adjustment: shallow h, moderate ventilation",0.9999655041377965,0.9999512618962432
"Strong adjustment: shallow h, moderate ventilation",0.9999633870865478,0.999948270779381
"Strong adjustment: shallow h, moderate ventilation",0.9999611401172561,0.9999450961050383
"Strong adjustment: shallow h, moderate ventilation",0.9999587552581801,0.9999417266101366
"Strong adjustment: shallow h, moderate ventilation",0.9999562240485569,0.9999381503406721
"Strong adjustment: shallow h, moderate ventilation",0.999953537508631,0.9999343546093529
"Strong adjustment: shallow h, moderate ventilation",0.9999506849889757,0.9999303259506539
"Strong adjustment: shallow h, moderate ventilation",0.9999476585436793,0.9999260500730646
"Strong adjustment: shallow h, moderate ventilation",0.9999444463824468,0.9999215118085196
"Strong adjustment: shallow h, moderate ventilation",0.9999410371110936,0.9999166950586287
"Strong adjustment: shallow h, moderate ventilation",0.9999374186365181,0.999911582737668
"Strong adjustment: shallow h, moderate ventilation",0.9999335781239559,0.9999061567120687
"Strong adjustment: shallow h, moderate ventilation",0.9999295019515636,0.9999003977362079
"Strong adjustment: shallow h, moderate ventilation",0.9999251756621633,0.9998942853842681
"Strong adjustment: shallow h, moderate ventilation",0.9999205839120936,0.9998877979779291
"Strong adjustment: shallow h, moderate ventilation",0.9999157104168819,0.999880912509639
"Strong adjustment: shallow h, moderate ventilation",0.999910537893623,0.9998736045611923
"Strong adjustment: shallow h, moderate ventilation",0.9999050479998348,0.9998658482173337
"Strong adjustment: shallow h, moderate ventilation",0.999899221268573,0.9998576159740805
"Strong adjustment: shallow h, moderate ventilation",0.9998930370395748,0.9998488786414411
"Strong adjustment: shallow h, moderate ventilation",0.9998864733862083,0.9998396052401995
"Strong adjustment: shallow h, moderate ventilation",0.9998795080215096,0.9998297628923707
"Strong adjustment: shallow h, moderate ventilation",0.9998721143418562,0.9998193167050686
"Strong adjustment: shallow h, moderate ventilation",0.9998642670642571,0.9998082296470997
"Strong adjustment: shallow h, moderate ventilation",0.9998559383729526,0.9997964624182121
"Strong adjustment: shallow h, moderate ventilation",0.9998470987479499,0.9997839733102857
"Strong adjustment: shallow h, moderate ventilation",0.9998377168608441,0.9997707180600761
"Strong adjustment: shallow h, moderate ventilation",0.9998277594642418,0.9997566496929872
"Strong adjustment: shallow h, moderate ventilation",0.9998171912744884,0.9997417183573342
"Strong adjustment: shallow h, moderate ventilation",0.9998059748472036,0.9997258711485151
"Strong adjustment: shallow h, moderate ventilation",0.9997940704452944,0.9997090519224875
"Strong adjustment: shallow h, moderate ventilation",0.9997814358989213,0.9996912010979062
"Strong adjustment: shallow h, moderate ventilation",0.9997680264569586,0.9996722554462347
"Strong adjustment: shallow h, moderate ventilation",0.9997537946294303,0.9996521478691137
"Strong adjustment: shallow h, moderate ventilation",0.9997386900204178,0.9996308071622173
"Strong adjustment: shallow h, moderate ventilation",0.9997226591507744,0.9996081577647887
"Strong adjustment: shallow h, moderate ventilation",0.9997056452701709,0.9995841194939976
"Strong adjustment: shallow h, moderate ventilation",0.9996875881576942,0.9995586072632141
"Strong adjustment: shallow h, moderate ventilation",0.9996684239104354,0.9995315307832348
"Strong adjustment: shallow h, moderate ventilation",0.9996480847192799,0.9995027942454539
"Strong adjustment: shallow h, moderate ventilation",0.9996264986311498,0.9994722959858948
"Strong adjustment: shallow h, moderate ventilation",0.9996035881407328,0.9994399281290797
"Strong adjustment: shallow h, moderate ventilation",0.9995792744782485,0.9994055762099426
"Strong adjustment: shallow h, moderate ventilation",0.9995534705939988,0.999369118773952
"Strong adjustment: shallow h, moderate ventilation",0.9995260852815974,0.9993304269522374
"Strong adjustment: shallow h, moderate ventilation",0.9994970217691511,0.9992893640116791
"Strong adjustment: shallow h, moderate ventilation",0.9994661773817649,0.9992457848779218
"Strong adjustment: shallow h, moderate ventilation",0.9994334431838277,0.9991995356298347
"Strong adjustment: shallow h, moderate ventilation",0.9993987035999286,0.999150452963749
"Strong adjustment: shallow h, moderate ventilation",0.9993618360131601,0.9990983636257189
"Strong adjustment: shallow h, moderate ventilation",0.9993227103394745,0.99904308380996
"Strong adjustment: shallow h, moderate ventilation",0.9992811885767857,0.9989844185215195
"Strong adjustment: shallow h, moderate ventilation",0.9992371243272717,0.9989221609011183
"Strong adjustment: shallow h, moderate ventilation",0.9991903622914462,0.9988560915100186
"Strong adjustment: shallow h, moderate ventilation",0.9991407386172839,0.9987859775725374
"Strong adjustment: shallow h, moderate ventilation",0.9990880768451434,0.998711572174397
"Strong adjustment: shallow h, moderate ventilation",0.9990321924632938,0.9986326134129969
"Strong adjustment: shallow h, moderate ventilation",0.9989728888828776,0.9985488234988116
"Strong adjustment: shallow h, moderate ventilation",0.9989099576004398,0.9984599078037967
"Strong adjustment: shallow h, moderate ventilation",0.9988431774856752,0.9983655538544408
"Strong adjustment: shallow h, moderate ventilation",0.9987723140278281,0.9982654302663391
"Strong adjustment: shallow h, moderate ventilation",0.9986971185385296,0.9981591856171166
"Strong adjustment: shallow h, moderate ventilation",0.9986173273087143,0.9980464472543835
"Strong adjustment: shallow h, moderate ventilation",0.998532660717202,0.9979268200352589
"Strong adjustment: shallow h, moderate ventilation",0.9984428222883389,0.9977998849938507
"Strong adjustment: shallow h, moderate ventilation",0.9983474976961297,0.9976651979329332
"Strong adjustment: shallow h, moderate ventilation",0.9982463537120422,0.9975222879359085
"Strong adjustment: shallow h, moderate ventilation",0.9981390370936406,0.9973706557950027
"Strong adjustment: shallow h, moderate ventilation",0.9980251734111208,0.9972097723514779
"Strong adjustment: shallow h, moderate ventilation",0.9979043658086217,0.9970390767435227
"Strong adjustment: shallow h, moderate ventilation",0.997776193697239,0.9968579745573295
"Strong adjustment: shallow h, moderate ventilation",0.9976402113764093,0.9966658358767398
"Strong adjustment: shallow h, moderate ventilation",0.9974959465804157,0.9964619932267172
"Strong adjustment: shallow h, moderate ventilation",0.9973428989465304,0.9962457394057949
"Strong adjustment: shallow h, moderate ventilation",0.9971805384013991,0.9960163252025478
"Strong adjustment: shallow h, moderate ventilation",0.9970083034620675,0.9957729569910669
"Strong adjustment: shallow h, moderate ventilation",0.9968255994481787,0.9955147942003448
"Strong adjustment: shallow h, moderate ventilation",0.996631796601671,0.9952409466524588
"Strong adjustment: shallow h, moderate ventilation",0.996426228110475,0.9949504717644405
"Strong adjustment: shallow h, moderate ventilation",0.9962081880326507,0.9946423716087408
"Strong adjustment: shallow h, moderate ventilation",0.9959769291174667,0.9943155898272965
"Strong adjustment: shallow h, moderate ventilation",0.9957316605200571,0.993969008394317
"Strong adjustment: shallow h, moderate ventilation",0.9954715454064221,0.9936014442230987
"Strong adjustment: shallow h, moderate ventilation",0.9951956984456866,0.9932116456124266
"Strong adjustment: shallow h, moderate ventilation",0.994903181632514,0.9927982885307668
"Strong adjustment: shallow h, moderate ventilation",0.994593007692247,0.9923599727208435
"Strong adjustment: shallow h, moderate ventilation",0.9942641281041781,0.9918952176550002
"Strong adjustment: shallow h, moderate ventilation",0.9939154367505937,0.9914024582948263
"Strong adjustment: shallow h, moderate ventilation",0.9935457628541385,0.9908800406853437
"Strong adjustment: shallow h, moderate ventilation",0.9931538714157548,0.9903262173706356
"Strong adjustment: shallow h, moderate ventilation",0.9927384574411863,0.9897391426323864
"Strong adjustment: shallow h, moderate ventilation",0.9922981430641862,0.9891168675530996
"Strong adjustment: shallow h, moderate ventilation",0.9918314739508923,0.9884573349065314
"Strong adjustment: shallow h, moderate ventilation",0.991336915587442,0.987758373879696
"Strong adjustment: shallow h, moderate ventilation",0.9908128494555588,0.9870176946326567
"Strong adjustment: shallow h, moderate ventilation",0.9902575691023153,0.9862328827044444
"Strong adjustment: shallow h, moderate ventilation",0.9896692761120127,0.9854013932758803
"Strong adjustment: shallow h, moderate ventilation",0.9890460759901892,0.9845205453028378
"Strong adjustment: shallow h, moderate ventilation",0.988385973971945,0.9835875155365686
"Strong adjustment: shallow h, moderate ventilation",0.9876868707692306,0.9825993324512142
"Strong adjustment: shallow h, moderate ventilation",0.9869465582746934,0.9815528701025087
"Strong adjustment: shallow h, moderate ventilation",0.9861627152426211,0.9804448419460207
"Strong adjustment: shallow h, moderate ventilation",0.9853329029711543,0.9792717946480934
"Strong adjustment: shallow h, moderate ventilation",0.9844545610135804,0.978030101927954
"Strong adjustment: shallow h, moderate ventilation",0.9835250029508964,0.9767159584753092
"Strong adjustment: shallow h, moderate ventilation",0.9825414122622794,0.9753253739941498
"Strong adjustment: shallow h, moderate ventilation",0.9815008383352196,0.9738541674304717
"Strong adjustment: shallow h, moderate ventilation",0.9804001926624354,0.9722979614491849
"Strong adjustment: shallow h, moderate ventilation",0.97923624527858,0.9706521772336807
"Strong adjustment: shallow h, moderate ventilation",0.9780056234653167,0.9689120296566838
"Strong adjustment: shallow h, moderate ventilation",0.9767048009631742,0.9670725231120619
"Strong adjustment: shallow h, moderate ventilation",0.975330107354262,0.9651284476226409
"Strong adjustment: shallow h, moderate ventilation",0.9738777182230377,0.9630743759734808
"Strong adjustment: shallow h, moderate ventilation",0.9723436557951732,0.9609046615237318
"Strong adjustment: shallow h, moderate ventilation",0.9707237883064946,0.9586134370157904
"Strong adjustment: shallow h, moderate ventilation",0.9690138301803052,0.9561946144973942
"Strong adjustment: shallow h, moderate ventilation",0.9672093431260652,0.9536418865139675
"Strong adjustment: shallow h, moderate ventilation",0.9653057382805936,0.9509487287401298
"Strong adjustment: shallow h, moderate ventilation",0.9632982777508725,0.9481084043288966
"Strong adjustment: shallow h, moderate ventilation",0.9611820864948183,0.9451139695993743
"Strong adjustment: shallow h, moderate ventilation",0.9589521471673546,0.9419582826305353
"Strong adjustment: shallow h, moderate ventilation",0.9566033156293915,0.938634013244793
"Strong adjustment: shallow h, moderate ventilation",0.954130328205769,0.9351336557880162
"Strong adjustment: shallow h, moderate ventilation",0.9515278131078012,0.9314495445229186
"Strong adjustment: shallow h, moderate ventilation",0.9487903038506628,0.9275738718927041
"Strong adjustment: shallow h, moderate ventilation",0.9459122549006861,0.9234987098852712
"Strong adjustment: shallow h, moderate ventilation",0.9428880597061408,0.9192160347140187
"Strong adjustment: shallow h, moderate ventilation",0.9397120807414275,0.9147177541469138
"Strong adjustment: shallow h, moderate ventilation",0.9363786253125544,0.9099957437961473
"Strong adjustment: shallow h, moderate ventilation",0.9328820664049672,0.9050418741749721
"Strong adjustment: shallow h, moderate ventilation",0.9292167767482539,0.8998480592869589
"Strong adjustment: shallow h, moderate ventilation",0.9253772080312582,0.8944062961338872
"Strong adjustment: shallow h, moderate ventilation",0.9213579163348441,0.8887087138571302
"Strong adjustment: shallow h, moderate ventilation",0.9171535999282431,0.8827476260194206
"Strong adjustment: shallow h, moderate ventilation",0.9127591400819911,0.876515587135149
"Strong adjustment: shallow h, moderate ventilation",0.9081696447367779,0.8700054532167113
"Strong adjustment: shallow h, moderate ventilation",0.9033804948898175,0.8632104461557214
"Strong adjustment: shallow h, moderate ventilation",0.8983874240705138,0.856124215041456
"Strong adjustment: shallow h, moderate ventilation",0.8931864165278831,0.8487409403029847
"Strong adjustment: shallow h, moderate ventilation",0.8877740660611181,0.8410553413831974
"Strong adjustment: shallow h, moderate ventilation",0.8821473245981002,0.8330628187145807
"Strong adjustment: shallow h, moderate ventilation",0.8763037103318639,0.824759497784246
"Strong adjustment: shallow h, moderate ventilation",0.8702413329377112,0.8161423137092333
"Strong adjustment: shallow h, moderate ventilation",0.8639589487362179,0.8072090885342763
"Strong adjustment: shallow h, moderate ventilation",0.8574560148791758,0.7979586072705076
"Strong adjustment: shallow h, moderate ventilation",0.8507327415711787,0.7883906913681012
"Strong adjustment: shallow h, moderate ventilation",0.8437901414725679,0.7785062684389633
"Strong adjustment: shallow h, moderate ventilation",0.8366300753559198,0.76830743695168
"Strong adjustment: shallow h, moderate ventilation",0.8292552930579055,0.7577975245782872
"Strong adjustment: shallow h, moderate ventilation",0.8216694687572641,0.7469811388560958
"Strong adjustment: shallow h, moderate ventilation",0.8138772296648319,0.7358642088849103
"Strong adjustment: shallow h, moderate ventilation",0.8058841769396632,0.7244540165283387
"Strong adjustment: shallow h, moderate ventilation",0.7976968986171262,0.7127592165591363
"Strong adjustment: shallow h, moderate ventilation",0.7893229729236184,0.7007898438451515
"Strong adjustment: shallow h, moderate ventilation",0.7807709619508579,0.6885573072800396
"Strong adjustment: shallow h, moderate ventilation",0.7720503949259053,0.6760743694973451
"Strong adjustment: shallow h, moderate ventilation",0.7631717407695183,0.6633551119189279
"Strong adjustment: shallow h, moderate ventilation",0.7541463697826868,0.650414884906275
"Strong adjustment: shallow h, moderate ventilation",0.7449865045062065,0.6372702430642652
"Strong adjustment: shallow h, moderate ventilation",0.7357051600149014,0.6239388660438665
"Strong adjustment: shallow h, moderate ventilation",0.7263160741303256,0.6104394654945765
"Strong adjustment: shallow h, moderate ventilation",0.7168336282565232,0.5967916791196404
"Strong adjustment: shallow h, moderate ventilation",0.7072727597556786,0.5830159530772816
"Strong adjustment: shallow h, moderate ventilation",0.6976488669767311,0.5691334142393238
"Strong adjustment: shallow h, moderate ventilation",0.6879777082898101,0.5551657341109717
"Strong adjustment: shallow h, moderate ventilation",0.6782752961621805,0.5411349860222127
"Strong adjustment: shallow h, moderate ventilation",0.6685577887951683,0.5270634985118009
"Strong adjustment: shallow h, moderate ventilation",0.658841379638112,0.5129737059931674
"Strong adjustment: shallow h, moderate ventilation",0.6491421873826901,0.498887999745873
"Strong adjustment: shallow h, moderate ventilation",0.6394761476828553,0.4848285811126706
"Strong adjustment: shallow h, moderate ventilation",0.6298589082358169,0.4708173190838362
"Strong adjustment: shallow h, moderate ventilation",0.6203057287019744,0.45687561426522005
"Strong adjustment: shallow h, moderate ventilation",0.6108313868116076,0.4430242710465071
"Strong adjustment: shallow h, moderate ventilation",0.6014500918454049,0.4292833795647499
"Strong adjustment: shallow h, moderate ventilation",0.592175406490703,0.4156722088038886
"Strong adjustment: shallow h, moderate ventilation",0.5830201778725072,0.40220911189324227
"Strong adjustment: shallow h, moderate ventilation",0.5739964783450607,0.3889114443767841
"Strong adjustment: shallow h, moderate ventilation",0.565115556413222,0.3757954959303636
"Strong adjustment: shallow h, moderate ventilation",0.5563877979400449,0.3628764357154285
"Strong adjustment: shallow h, moderate ventilation",0.5478226975940297,0.35016827128382993
"Strong adjustment: shallow h, moderate ventilation",0.5394288403019554,0.33768382069642006
"Strong adjustment: shallow h, moderate ventilation",0.5312138923054898,0.32543469729438684
"Strong adjustment: shallow h, moderate ventilation",0.5231846012752149,0.31343130637108096
"Strong adjustment: shallow h, moderate ventilation",0.5153468048164475,0.30168285283629875
"Strong adjustment: shallow h, moderate ventilation",0.5077054466084326,0.2901973588459187
"Strong adjustment: shallow h, moderate ventilation",0.5002645993520436,0.2789816902872273
"Strong adjustment: shallow h, moderate ventilation",0.4930274936602157,0.26804159096278174
"Strong adjustment: shallow h, moderate ventilation",0.4859965520082348,0.2573817233007088
"Strong adjustment: shallow h, moderate ventilation",0.4791734268654557,0.24700571443357405
"Strong adjustment: shallow h, moderate ventilation",0.47255904215324257,0.23691620652738157
"Strong adjustment: shallow h, moderate ventilation",0.4661536372129859,0.22711491030263395
"Strong adjustment: shallow h, moderate ventilation",0.45995681251980197,0.21760266076618082
"Strong adjustment: shallow h, moderate ventilation",0.4539675764388759,0.20837947426146403
"Strong adjustment: shallow h, moderate ventilation",0.4481843923894488,0.19944460604152975
"Strong adjustment: shallow h, moderate ventilation",0.4426052258534396,0.1907966076700042
"Strong adjustment: shallow h, moderate ventilation",0.4372275907379758,0.1824333836891778
"Strong adjustment: shallow h, moderate ventilation",0.43204859465729506,0.17435224686777348
"Strong adjustment: shallow h, moderate ventilation",0.4270649828882322,0.16654997210895628
"Strong adjustment: shallow h, moderate ventilation",0.42227318052092205,0.15902284807017117
"Strong adjustment: shallow h, moderate ventilation",0.4176693327808599,0.15176672673938232
"Strong adjustment: shallow h, moderate ventilation",0.41324934318047213,0.14477707064337234
"Strong adjustment: shallow h, moderate ventilation",0.40900890990110095,0.1380489974726799
"Strong adjustment: shallow h, moderate ventilation",0.4049435591915955,0.13157732244394482
"Strong adjustment: shallow h, moderate ventilation",0.4010486771847355,0.125356597919882
"Strong adjustment: shallow h, moderate ventilation",0.39731953900562417,0.11938115069509543
"Strong adjustment: shallow h, moderate ventilation",0.39375133632619497,0.11364511674384331
"Strong adjustment: shallow h, moderate ventilation",0.3903392015752657,0.10814247384049397
"Strong adjustment: shallow h, moderate ventilation",0.38707823115061757,0.10286707174684573
"Strong adjustment: shallow h, moderate ventilation",0.38396350593247774,0.09781266038075177
"Strong adjustment: shallow h, moderate ventilation",0.3809901106892183,0.09297291584899242
"Strong adjustment: shallow h, moderate ventilation",0.3781531502640912,0.08834146473437107
"Strong adjustment: shallow h, moderate ventilation",0.37544776536362934,0.08391190639519878
"Strong adjustment: shallow h, moderate ventilation",0.37286914592862297,0.0796778336450527
"Strong adjustment: shallow h, moderate ventilation",0.3704125438245545,0.07563285171891938
"Strong adjustment: shallow h, moderate ventilation",0.36807328270660156,0.07177059584525429
"Strong adjustment: shallow h, moderate ventilation",0.3658467679134616,0.06808474722095746
"Strong adjustment: shallow h, moderate ventilation",0.3637284944691291,0.06456904767203543
"Strong adjustment: shallow h, moderate ventilation",0.36171405392185124,0.061217312997552245
"Strong adjustment: shallow h, moderate ventilation",0.3597991408412832,0.058023445002841574
"Strong adjustment: shallow h, moderate ventilation",0.3579795569369116,0.05498144245321166
"Strong adjustment: shallow h, moderate ventilation",0.3562512156485361,0.05208541077382491
"Strong adjustment: shallow h, moderate ventilation",0.35461014523954926,0.04932957071651729
"Strong adjustment: shallow h, moderate ventilation",0.3530524912638383,0.04670826597564854
"Strong adjustment: shallow h, moderate ventilation",0.35157451834008085,0.044215969811639735
"Strong adjustment: shallow h, moderate ventilation",0.3501726112946535,0.04184729072891428
"Strong adjustment: shallow h, moderate ventilation",0.3488432755839269,0.039596977262852266
"Strong adjustment: shallow h, moderate ventilation",0.34758313792446355,0.03745992187191447
"Strong adjustment: shallow h, moderate ventilation",0.34638894501519624,0.03543116410619799
"Strong adjustment: shallow h, moderate ventilation",0.3452575632635841,0.03350589293255372
"Strong adjustment: shallow h, moderate ventilation",0.3441859774325128,0.03167944838768471
"Strong adjustment: shallow h, moderate ventilation",0.34317128909368744,0.029947322556491292
"Strong adjustment: shallow h, moderate ventilation",0.34221071478804616,0.028305159930999888
"Strong adjustment: shallow h, moderate ventilation",0.3413015839303626,0.026748757196823094
"Strong adjustment: shallow h, moderate ventilation",0.3404413364927388,0.025274062493754954
Intermediate adjustment: baseline,0.9999981046010754,0.9999936527004564
Intermediate adjustment: baseline,0.9999979879956802,0.9999932631397502
Intermediate adjustment: baseline,0.9999978645091007,0.9999928496702335
Intermediate adjustment: baseline,0.9999977334454584,0.9999924108245566
Intermediate adjustment: baseline,0.9999975943379771,0.9999919450453153
Intermediate adjustment: baseline,0.9999974466929735,0.9999914506795285
Intermediate adjustment: baseline,0.9999972899864787,0.9999909259727701
Intermediate adjustment: baseline,0.9999971236623706,0.9999903690629451
Intermediate adjustment: baseline,0.999996946485092,0.999989777973684
Intermediate adjustment: baseline,0.999996759077393,0.9999891506073231
Intermediate adjustment: baseline,0.9999965601696579,0.9999884847374729
Intermediate adjustment: baseline,0.9999963490543459,0.9999877780011105
Intermediate adjustment: baseline,0.9999961249822561,0.9999870278901977
Intermediate adjustment: baseline,0.9999958871582171,0.9999862317427836
Intermediate adjustment: baseline,0.9999956347382569,0.9999853867335595
Intermediate adjustment: baseline,0.9999953668266142,0.9999844898638363
Intermediate adjustment: baseline,0.999995082472556,0.9999835379509031
Intermediate adjustment: baseline,0.9999947806670072,0.9999825276167397
Intermediate adjustment: baseline,0.9999944603389722,0.9999814552760303
Intermediate adjustment: baseline,0.99999412035173,0.9999803171234461
Intermediate adjustment: baseline,0.9999937594988072,0.9999791091201461
Intermediate adjustment: baseline,0.9999933764996985,0.9999778269794481
Intermediate adjustment: baseline,0.9999929693576877,0.99997646615163
Intermediate adjustment: baseline,0.9999925378656709,0.9999750218077769
Intermediate adjustment: baseline,0.9999920798932217,0.9999734888226708
Intermediate adjustment: baseline,0.999991593814545,0.999971861756603
Intermediate adjustment: baseline,0.9999910779048445,0.9999701348360817
Intermediate adjustment: baseline,0.9999905303334903,0.9999683019333581
Intermediate adjustment: baseline,0.9999899491575299,0.9999663565446929
Intermediate adjustment: baseline,0.999989332314796,0.9999642917672958
Intermediate adjustment: baseline,0.9999886776165967,0.9999621002748449
Intermediate adjustment: baseline,0.9999879827399512,0.9999597742915101
Intermediate adjustment: baseline,0.9999872452193568,0.9999573055643827
Intermediate adjustment: baseline,0.9999864624380462,0.9999546853342135
Intermediate adjustment: baseline,0.9999856316187111,0.9999519043043629
Intermediate adjustment: baseline,0.9999847498136567,0.9999489526078398
Intermediate adjustment: baseline,0.9999838132630506,0.9999458197723372
Intermediate adjustment: baseline,0.9999828198699773,0.9999424946830793
Intermediate adjustment: baseline,0.9999817655159827,0.9999389655434753
Intermediate adjustment: baseline,0.9999806464602927,0.999935219833285
Intermediate adjustment: baseline,0.9999794587329908,0.9999312442642564
Intermediate adjustment: baseline,0.9999781981206557,0.9999270247330442
Intermediate adjustment: baseline,0.999976860151428,0.9999225462712403
Intermediate adjustment: baseline,0.9999754400791703,0.999917792992352
Intermediate adjustment: baseline,0.9999739328666594,0.9999127480355255
Intermediate adjustment: baseline,0.9999723331677401,0.9999073935058305
Intermediate adjustment: baseline,0.9999706353084056,0.9999017104108908
Intermediate adjustment: baseline,0.9999688332666955,0.9998956785936366
Intermediate adjustment: baseline,0.9999669206513846,0.9998892766609395
Intermediate adjustment: baseline,0.999964890679361,0.9998824819078898
Intermediate adjustment: baseline,0.9999627355260204,0.9998752702374571
Intermediate adjustment: baseline,0.9999604487636503,0.9998676160751463
Intermediate adjustment: baseline,0.9999580216941959,0.9998594922786255
Intermediate adjustment: baseline,0.9999554457115406,0.9998508700416491
Intermediate adjustment: baseline,0.9999527116821828,0.9998417187921947
Intermediate adjustment: baseline,0.9999498099128132,0.999832006084375
Intermediate adjustment: baseline,0.9999467301160526,0.9998216974837362
Intermediate adjustment: baseline,0.9999434613740995,0.999810756445569
Intermediate adjustment: baseline,0.9999399921001624,0.9997991441857879
Intermediate adjustment: baseline,0.9999363099975325,0.9997868195439372
Intermediate adjustment: baseline,0.9999324020161723,0.9997737388378484
Intermediate adjustment: baseline,0.9999282543066506,0.9997598557094387
Intermediate adjustment: baseline,0.9999238521712772,0.9997451209611179
Intermediate adjustment: baseline,0.999919180012265,0.9997294823822352
Intermediate adjustment: baseline,0.9999142206564717,0.9997128845650132
Intermediate adjustment: baseline,0.9999089577399546,0.9996952687090561
Intermediate adjustment: baseline,0.9999033720366796,0.9996765724144304
Intermediate adjustment: baseline,0.9998974437638503,0.9996567294617268
Intermediate adjustment: baseline,0.9998911519281346,0.9996356695789919
Intermediate adjustment: baseline,0.999884474251756,0.9996133181944775
Intermediate adjustment: baseline,0.9998773870941677,0.9995895961743984
Intermediate adjustment: baseline,0.9998698653689873,0.9995644195448079
Intermediate adjustment: baseline,0.9998618824558989,0.999537699196637
Intermediate adjustment: baseline,0.9998534101072363,0.9995093405728949
Intermediate adjustment: baseline,0.9998444183489177,0.9994792433369737
Intermediate adjustment: baseline,0.9998348753754089,0.9994473010209287
Intermediate adjustment: baseline,0.9998247474383541,0.9994134006525524
Intermediate adjustment: baseline,0.9998139987284973,0.9993774223599863
Intermediate adjustment: baseline,0.9998025906352214,0.9993392389526564
Intermediate adjustment: baseline,0.9997904840371933,0.9992987154764923
Intermediate adjustment: baseline,0.9997776355811379,0.9992557087435138
Intermediate adjustment: baseline,0.9997639998848954,0.9992100668321868
Intermediate adjustment: baseline,0.9997495287998522,0.9991616285584056
Intermediate adjustment: baseline,0.9997341712434954,0.9991102229147677
Intermediate adjustment: baseline,0.9997178730220244,0.9990556684764144
Intermediate adjustment: baseline,0.999700576642407,0.9989977727715064
Intermediate adjustment: baseline,0.9996822211132776,0.9989363316142997
Intermediate adjustment: baseline,0.999662741734045,0.9988711283986831
Intermediate adjustment: baseline,0.99964206987154,0.9988019333499276
Intermediate adjustment: baseline,0.9996201327234848,0.9987285027322734
Intermediate adjustment: baseline,0.9995968530680628,0.998650578009874
Intermediate adjustment: baseline,0.9995721489987985,0.9985678849584761
Intermediate adjustment: baseline,0.9995459330329224,0.9984801327253459
Intermediate adjustment: baseline,0.9995181142208255,0.9983870128330821
Intermediate adjustment: baseline,0.9994885942762695,0.9982881981279332
Intermediate adjustment: baseline,0.9994572695796512,0.9981833416647153
Intermediate adjustment: baseline,0.9994240302508481,0.9980720755285178
Intermediate adjustment: baseline,0.9993887597774131,0.9979540095883855
Intermediate adjustment: baseline,0.9993513346215227,0.9978287301795963
Intermediate adjustment: baseline,0.9993116238045483,0.9976957987107907
Intermediate adjustment: baseline,0.9992694884681008,0.9975547501920488
Intermediate adjustment: baseline,0.9992247814103498,0.9974050916798621
Intermediate adjustment: baseline,0.9991773465963609,0.9972463006347997
Intermediate adjustment: baseline,0.9991270186411838,0.9970778231875077
Intermediate adjustment: baseline,0.9990736222643514,0.9968990723085568
Intermediate adjustment: baseline,0.9990169717144184,0.9967094258774942
Intermediate adjustment: baseline,0.9989568695538186,0.9965082246469419
Intermediate adjustment: baseline,0.9988931084150072,0.9962947700933247
Intermediate adjustment: baseline,0.9988254667870012,0.9960683221578766
Intermediate adjustment: baseline,0.998753710630855,0.9958280968615548
Intermediate adjustment: baseline,0.9986775920598328,0.9955732637970095
Intermediate adjustment: baseline,0.9985968485537359,0.9953029434891518
Intermediate adjustment: baseline,0.9985112021329334,0.9950162046196318
Intermediate adjustment: baseline,0.998420358490565,0.9947120611100257
Intermediate adjustment: baseline,0.998324006081455,0.9943894690585765
Intermediate adjustment: baseline,0.998221815166255,0.9940473235254421
Intermediate adjustment: baseline,0.9981134368094173,0.9936844551615505
Intermediate adjustment: baseline,0.9979985018296823,0.9932996266763838
Intermediate adjustment: baseline,0.9978766197018165,0.9928915291402844
Intermediate adjustment: baseline,0.9977473768346197,0.9924587781185439
Intermediate adjustment: baseline,0.9976103376316677,0.9919999096261672
Intermediate adjustment: baseline,0.9974650399026167,0.9915133759187291
Intermediate adjustment: baseline,0.9973109957528632,0.9909975410929099
Intermediate adjustment: baseline,0.997147689687994,0.9904506765129043
Intermediate adjustment: baseline,0.9969745772058436,0.9898709560551887
Intermediate adjustment: baseline,0.9967910833363108,0.9892564511733661
Intermediate adjustment: baseline,0.9965966011296544,0.9886051257849685
Intermediate adjustment: baseline,0.9963904900944721,0.9879148309836319
Intermediate adjustment: baseline,0.99617207458713,0.9871832995818158
Intermediate adjustment: baseline,0.9959406421549897,0.9864081404912362
Intermediate adjustment: baseline,0.9956954418365317,0.9855868329504812
Intermediate adjustment: baseline,0.9954356824222358,0.9847167206118662
Intermediate adjustment: baseline,0.9951605301322902,0.9837950055053034
Intermediate adjustment: baseline,0.994869108974213,0.9828187418811597
Intermediate adjustment: baseline,0.9945604957293066,0.9817848299940244
Intermediate adjustment: baseline,0.9942337202094034,0.9806900098013004
Intermediate adjustment: baseline,0.9938877628995008,0.979530854645671
Intermediate adjustment: baseline,0.993521553123424,0.9783037649421213
Intermediate adjustment: baseline,0.9931339672294803,0.9770049619132944
Intermediate adjustment: baseline,0.992723826810812,0.9756304814206106
Intermediate adjustment: baseline,0.992289896977171,0.974176167945273
Intermediate adjustment: baseline,0.9918308846970642,0.9726376687805368
Intermediate adjustment: baseline,0.9913454372315734,0.9710104285044884
Intermediate adjustment: baseline,0.9908321406837445,0.9692896838110231
Intermediate adjustment: baseline,0.9902895181830901,0.9674704587912013
Intermediate adjustment: baseline,0.9897160307432434,0.9655475607294144
Intermediate adjustment: baseline,0.9891100733862291,0.9635155765990291
Intermediate adjustment: baseline,0.9884699763812991,0.9613688702724821
Intermediate adjustment: baseline,0.9877940043560299,0.9591015806491177
Intermediate adjustment: baseline,0.9870803562043516,0.9567076208107684
Intermediate adjustment: baseline,0.9863271653618804,0.9541806783609055
Intermediate adjustment: baseline,0.9855325004977963,0.9515142171098603
Intermediate adjustment: baseline,0.9846943666758251,0.9487014802799567
Intermediate adjustment: baseline,0.9838107070400288,0.9457354954152738
Intermediate adjustment: baseline,0.9828794050840455,0.9426090811909346
Intermediate adjustment: baseline,0.9818982875649702,0.9393148563259285
Intermediate adjustment: baseline,0.9808651276307798,0.9358452508219437
Intermediate adjustment: baseline,0.9797776511566291,0.9321925196823446
Intermediate adjustment: baseline,0.9786335391160691,0.9283487594874169
Intermediate adjustment: baseline,0.9774304355929523,0.9243059278445315
Intermediate adjustment: baseline,0.9761659544244039,0.9200558660809535
Intermediate adjustment: baseline,0.9748376873341172,0.9155903253322192
Intermediate adjustment: baseline,0.9734432131522143,0.9109009962353173
Intermediate adjustment: baseline,0.9719801081733287,0.9059795424090656
Intermediate adjustment: baseline,0.9704459576968801,0.9008176378807176
Intermediate adjustment: baseline,0.9688383687837941,0.8954070085877055
Intermediate adjustment: baseline,0.9671549842518765,0.8897394780459574
Intermediate adjustment: baseline,0.9653934974252415,0.8838070172500567
Intermediate adjustment: baseline,0.9635516705428084,0.8776017986851146
Intermediate adjustment: baseline,0.9616273496090292,0.8711162546566313
Intermediate adjustment: baseline,0.9596184850954613,0.8643431394374863
Intermediate adjustment: baseline,0.9575231514139052,0.857275595278113
Intermediate adjustment: baseline,0.9553395678256076,0.8499072218696887
Intermediate adjustment: baseline,0.9530661202000815,0.8422321488775167
Intermediate adjustment: baseline,0.9507013834620659,0.8342451110451274
Intermediate adjustment: baseline,0.9482441445335898,0.8259415252657981
Intermediate adjustment: baseline,0.9456934250772536,0.817317568939216
Intermediate adjustment: baseline,0.9430485065533545,0.8083702586394304
Intermediate adjustment: baseline,0.9403089504846381,0.7990975285653589
Intermediate adjustment: baseline,0.9374746225718394,0.7894983072512245
Intermediate adjustment: baseline,0.9345457136973147,0.7795725918103034
Intermediate adjustment: baseline,0.9315227600681516,0.7693215183912196
Intermediate adjustment: baseline,0.9284066616942016,0.7587474276410135
Intermediate adjustment: baseline,0.9251986988179483,0.7478539239101988
Intermediate adjustment: baseline,0.9219005459130333,0.7366459269245631
Intermediate adjustment: baseline,0.9185142823749216,0.7251297147037525
Intermediate adjustment: baseline,0.9150424025077307,0.7133129562907887
Intermediate adjustment: baseline,0.9114878172025164,0.7012047337112386
Intermediate adjustment: baseline,0.9078538565599044,0.6888155514216109
Intermediate adjustment: baseline,0.904144266172169,0.6761573329004117
Intermediate adjustment: baseline,0.9003631996532716,0.6632434034725992
Intermediate adjustment: baseline,0.8965152068427182,0.6500884589035436
Intermediate adjustment: baseline,0.8926052171511241,0.6367085195352927
Intermediate adjustment: baseline,0.8886385209417506,0.6231208696897017
Intermediate adjustment: baseline,0.8846207420325325,0.6093439831945848
Intermediate adjustment: baseline,0.8805578107231664,0.595397434728164
Intermediate adjustment: baseline,0.8764559308345732,0.5813017983472963
Intermediate adjustment: baseline,0.8723215437856188,0.5670785339926873
Intermediate adjustment: baseline,0.8681612896943705,0.5527498632767331
Intermediate adjustment: baseline,0.8639819654961636,0.5383386360853744
Intermediate adjustment: baseline,0.8597904835377003,0.5238681893837681
Intermediate adjustment: baseline,0.855593824058484,0.5093622007321816
Intermediate adjustment: baseline,0.8513989915577416,0.49484453754166596
Intermediate adjustment: baseline,0.8472129687424189,0.48033910472615704
Intermediate adjustment: baseline,0.8430426713964412,0.46586969250571175
Intermediate adjustment: baseline,0.8388949043261029,0.4514598263942434
Intermediate adjustment: baseline,0.8347763184446428,0.4371326213449046
Intermediate adjustment: baseline,0.8306933725295513,0.4229106415737415
Intermediate adjustment: baseline,0.8266522927469587,0.4088157684585457
Intermediate adjustment: baseline,0.8226590400470407,0.39486907705819996
Intermediate adjustment: baseline,0.8187192786324727,0.38109072325264143
Intermediate adjustment: baseline,0.8148383485926922,0.3674998423062847
Intermediate adjustment: baseline,0.8110212424463826,0.3541144597498591
Intermediate adjustment: baseline,0.8072725852229331,0.34095141524175043
Intermediate adjustment: baseline,0.8035966210912631,0.32802629950966045
Intermediate adjustment: baseline,0.7999971992455103,0.3153534052116645
Intermediate adjustment: baseline,0.7964777685404167,0.3029456907440002
Intermediate adjustment: baseline,0.793041373661048,0.29081475739979706
Intermediate adjustment: baseline,0.7896906554327884,0.27897083916335963
Intermediate adjustment: baseline,0.7864278545812183,0.2674228045730301
Intermediate adjustment: baseline,0.7832548186750166,0.25617816990462317
Intermediate adjustment: baseline,0.7801730114855508,0.24524312285343752
Intermediate adjustment: baseline,0.7771835272520212,0.23462255553290567
Intermediate adjustment: baseline,0.7742871025847152,0.22432010635471536
Intermediate adjustment: baseline,0.7714841348388547,0.21433820896994618
Intermediate adjustment: baseline,0.768774699823015,0.2046781477690737
Intermediate adjustment: baseline,0.7661585712137697,0.19534011864192571
Intermediate adjustment: baseline,0.763635240920256,0.18632329398225575
Intermediate adjustment: baseline,0.7612039401031571,0.1776258909189639
Intermediate adjustment: baseline,0.7588636605719379,0.16924524180434025
Intermediate adjustment: baseline,0.7566131763061347,0.1611778660490843
Intermediate adjustment: baseline,0.7544510648702099,0.15341954246192707
Intermediate adjustment: baseline,0.7523757285163578,0.14596538132617573
Intermediate adjustment: baseline,0.7503854147949981,0.13880989552426257
Intermediate adjustment: baseline,0.7484782365179901,0.13194707010247395
Intermediate adjustment: baseline,0.7466521909444059,0.1253704297496335
Intermediate adjustment: baseline,0.7449051780825358,0.11907310374408328
Intermediate adjustment: baseline,0.7432350175933956,0.11304788802290355
Intermediate adjustment: baseline,0.7416394668179059,0.10728730395118767
Intermediate adjustment: baseline,0.7401162334276717,0.10178365389407001
Intermediate adjustment: baseline,0.7386629912748406,0.09652907299776325
Intermediate adjustment: baseline,0.737277392988046,0.09151557741059647
Intermediate adjustment: baseline,0.7359570818923903,0.08673510876732403
Intermediate adjustment: baseline,0.7346997032638078,0.0821795749457155
Intermediate adjustment: baseline,0.7335029124042162,0.07784088723818702
Intermediate adjustment: baseline,0.7323643859341781,0.07371099377056423
Intermediate adjustment: baseline,0.7312818278476602,0.06978190961135967
Intermediate adjustment: baseline,0.7302529767588661,0.0660457434531946
Intermediate adjustment: baseline,0.7292756118355299,0.062494721121710395
Intermediate adjustment: baseline,0.728347557899222,0.059121206062932086
Intermediate adjustment: baseline,0.727466689748286,0.055917716987645104
Intermediate adjustment: baseline,0.7266309357597465,0.0528769428580538
Intermediate adjustment: baseline,0.7258382808264868,0.04999175540540037
Intermediate adjustment: baseline,0.7250867686852225,0.04725521936776782
Intermediate adjustment: baseline,0.7243745036894634,0.04466060063539879
Intermediate adjustment: baseline,0.7236996520798644,0.04220137248693283
Intermediate adjustment: baseline,0.7230604428022017,0.039871220094369435
Intermediate adjustment: baseline,0.7224551679207634,0.037664043467640594
Intermediate adjustment: baseline,0.7218821826723115,0.03557395900173439
Intermediate adjustment: baseline,0.7213399052030041,0.03359529978062461
"Weak adjustment: deep h, faster relaxation, weaker ventilation",0.9999997845564232,0.9999954922625366
"Weak adjustment: deep h, faster relaxation, weaker ventilation",0.9999997712312889,0.9999952156029056
"Weak adjustment: deep h, faster relaxation, weaker ventilation",0.9999997571372549,0.9999949219635461
"Weak adjustment: deep h, faster relaxation, weaker ventilation",0.9999997421814217,0.999994610302355
"Weak adjustment: deep h, faster relaxation, weaker ventilation",0.9999997263078998,0.9999942795132715
"Weak adjustment: deep h, faster relaxation, weaker ventilation",0.999999709460171,0.9999939284223547
"Weak adjustment: deep h, faster relaxation, weaker ventilation",0.999999691578432,0.9999935557836167
"Weak adjustment: deep h, faster relaxation, weaker ventilation",0.9999996725992223,0.999993160274602
"Weak adjustment: deep h, faster relaxation, weaker ventilation",0.9999996524551867,0.9999927404916931
"Weak adjustment: deep h, faster relaxation, weaker ventilation",0.9999996304445472,0.9999922949451326
"Weak adjustment: deep h, faster relaxation, weaker ventilation",0.9999996076893568,0.9999918220537316
"Weak adjustment: deep h, faster relaxation, weaker ventilation",0.9999995835606513,0.9999913201392656
"Weak adjustment: deep h, faster relaxation, weaker ventilation",0.999999557951958,0.9999907874205171
"Weak adjustment: deep h, faster relaxation, weaker ventilation",0.9999995307716026,0.9999902220069528
"Weak adjustment: deep h, faster relaxation, weaker ventilation",0.999999501923098,0.999989621892019
"Weak adjustment: deep h, faster relaxation, weaker ventilation",0.9999994713040636,0.9999889849460197
"Weak adjustment: deep h, faster relaxation, weaker ventilation",0.9999994388058395,0.9999883089085608
"Weak adjustment: deep h, faster relaxation, weaker ventilation",0.9999994043130952,0.9999875913805308
"Weak adjustment: deep h, faster relaxation, weaker ventilation",0.999999367703426,0.9999868298155876
"Weak adjustment: deep h, faster relaxation, weaker ventilation",0.9999993282016865,0.9999860215111268
"Weak adjustment: deep h, faster relaxation, weaker ventilation",0.9999992869066108,0.9999851635986832
"Weak adjustment: deep h, faster relaxation, weaker ventilation",0.9999992430910547,0.9999842530337681
"Weak adjustment: deep h, faster relaxation, weaker ventilation",0.999999196586728,0.9999832865850597
"Weak adjustment: deep h, faster relaxation, weaker ventilation",0.9999991472283203,0.999982260822942
"Weak adjustment: deep h, faster relaxation, weaker ventilation",0.9999990948406692,0.9999811721073345
"Weak adjustment: deep h, faster relaxation, weaker ventilation",0.9999990392378701,0.9999800165747832
"Weak adjustment: deep h, faster relaxation, weaker ventilation",0.9999989802226108,0.9999787901247529
"Weak adjustment: deep h, faster relaxation, weaker ventilation",0.9999989175854699,0.9999774884050797
"Weak adjustment: deep h, faster relaxation, weaker ventilation",0.9999988504744751,0.9999761067965434
"Weak adjustment: deep h, faster relaxation, weaker ventilation",0.9999987798664224,0.9999746403964549
"Weak adjustment: deep h, faster relaxation, weaker ventilation",0.9999987049330022,0.9999730840013015
"Weak adjustment: deep h, faster relaxation, weaker ventilation",0.9999986254009298,0.9999714320882693
"Weak adjustment: deep h, faster relaxation, weaker ventilation",0.9999985409878969,0.9999696787956605
"Weak adjustment: deep h, faster relaxation, weaker ventilation",0.9999984513943719,0.9999678179021022
"Weak adjustment: deep h, faster relaxation, weaker ventilation",0.9999983563024457,0.999965842804485
"Weak adjustment: deep h, faster relaxation, weaker ventilation",0.9999982553747037,0.9999637464945448
"Weak adjustment: deep h, faster relaxation, weaker ventilation",0.9999981482530261,0.9999615215340105
"Weak adjustment: deep h, faster relaxation, weaker ventilation",0.9999980345573232,0.9999591600282287
"Weak adjustment: deep h, faster relaxation, weaker ventilation",0.9999979132275941,0.9999566535981794
"Weak adjustment: deep h, faster relaxation, weaker ventilation",0.999997785103693,0.9999539933507324
"Weak adjustment: deep h, faster relaxation, weaker ventilation",0.9999976491218232,0.9999511698471685
"Weak adjustment: deep h, faster relaxation, weaker ventilation",0.9999975047950044,0.9999481730696855
"Weak adjustment: deep h, faster relaxation, weaker ventilation",0.9999973516111416,0.9999449923858944
"Weak adjustment: deep h, faster relaxation, weaker ventilation",0.9999971890267586,0.999941616511129
"Weak adjustment: deep h, faster relaxation, weaker ventilation",0.9999970164650391,0.9999380334684511
"Weak adjustment: deep h, faster relaxation, weaker ventilation",0.9999968333137846,0.9999342305462006
"Weak adjustment: deep h, faster relaxation, weaker ventilation",0.9999966389232382,0.9999301942529496
"Weak adjustment: deep h, faster relaxation, weaker ventilation",0.9999964319563361,0.9999259102697104
"Weak adjustment: deep h, faster relaxation, weaker ventilation",0.9999962129335624,0.9999213633991396
"Weak adjustment: deep h, faster relaxation, weaker ventilation",0.9999959804733374,0.9999165375117882
"Weak adjustment: deep h, faster relaxation, weaker ventilation",0.9999957337484652,0.9999114154889044
"Weak adjustment: deep h, faster relaxation, weaker ventilation",0.9999954718837621,0.9999059791618142
"Weak adjustment: deep h, faster relaxation, weaker ventilation",0.9999951939503847,0.9999002092475762
"Weak adjustment: deep h, faster relaxation, weaker ventilation",0.9999948989625267,0.9998940852806976
"Weak adjustment: deep h, faster relaxation, weaker ventilation",0.9999945858739285,0.9998875855406738
"Weak adjustment: deep h, faster relaxation, weaker ventilation",0.9999942535741759,0.9998806869750967
"Weak adjustment: deep h, faster relaxation, weaker ventilation",0.9999939002449636,0.9998733651180842
"Weak adjustment: deep h, faster relaxation, weaker ventilation",0.9999935258742845,0.9998655940035923
"Weak adjustment: deep h, faster relaxation, weaker ventilation",0.999993128534834,0.9998573460736904
"Weak adjustment: deep h, faster relaxation, weaker ventilation",0.9999927068161458,0.9998485920809705
"Weak adjustment: deep h, faster relaxation, weaker ventilation",0.9999922592228789,0.9998393009851227
"Weak adjustment: deep h, faster relaxation, weaker ventilation",0.9999917841680347,0.9998294398431685
"Weak adjustment: deep h, faster relaxation, weaker ventilation",0.9999912799673468,0.99981897369299
"Weak adjustment: deep h, faster relaxation, weaker ventilation",0.9999907448333256,0.9998078654297515
"Weak adjustment: deep h, faster relaxation, weaker ventilation",0.9999901768689424,0.9997960756747785
"Weak adjustment: deep h, faster relaxation, weaker ventilation",0.9999895734279405,0.9997835626364865
"Weak adjustment: deep h, faster relaxation, weaker ventilation",0.9999889335999304,0.999770281962598
"Weak adjustment: deep h, faster relaxation, weaker ventilation",0.9999882545226344,0.9997561865838059
"Weak adjustment: deep h, faster relaxation, weaker ventilation",0.9999875337886365,0.9997412265474652
"Weak adjustment: deep h, faster relaxation, weaker ventilation",0.999986768843981,0.999725348841376
"Weak adjustment: deep h, faster relaxation, weaker ventilation",0.9999859569783087,0.9997084972067964
"Weak adjustment: deep h, faster relaxation, weaker ventilation",0.9999850953152979,0.9996906119400815
"Weak adjustment: deep h, faster relaxation, weaker ventilation",0.9999841808025329,0.9996716296822588
"Weak adjustment: deep h, faster relaxation, weaker ventilation",0.9999832102007429,0.9996514831958166
"Weak adjustment: deep h, faster relaxation, weaker ventilation",0.9999821794457708,0.9996301011280153
"Weak adjustment: deep h, faster relaxation, weaker ventilation",0.9999810861040379,0.9996074077594417
"Weak adjustment: deep h, faster relaxation, weaker ventilation",0.9999799257149409,0.9995833227380849
"Weak adjustment: deep h, faster relaxation, weaker ventilation",0.999978694169976,0.9995577607965335
"Weak adjustment: deep h, faster relaxation, weaker ventilation",0.9999773871098935,0.9995306314524208
"Weak adjustment: deep h, faster relaxation, weaker ventilation",0.9999759999088993,0.9995018386906719
"Weak adjustment: deep h, faster relaxation, weaker ventilation",0.9999745276584182,0.9994712806265384
"Weak adjustment: deep h, faster relaxation, weaker ventilation",0.9999729651498825,0.9994388491482841
"Weak adjustment: deep h, faster relaxation, weaker ventilation",0.9999713068564827,0.999404429538306
"Weak adjustment: deep h, faster relaxation, weaker ventilation",0.9999695462933295,0.9993679000715553
"Weak adjustment: deep h, faster relaxation, weaker ventilation",0.999967678440528,0.9993291315891201
"Weak adjustment: deep h, faster relaxation, weaker ventilation",0.9999656961115095,0.9992879870474682
"Weak adjustment: deep h, faster relaxation, weaker ventilation",0.9999635923005493,0.9992443210393319
"Weak adjustment: deep h, faster relaxation, weaker ventilation",0.999961359574839,0.9991979792864915
"Weak adjustment: deep h, faster relaxation, weaker ventilation",0.9999589900483037,0.9991487981020601
"Weak adjustment: deep h, faster relaxation, weaker ventilation",0.99995647535415,0.9990966038206108
"Weak adjustment: deep h, faster relaxation, weaker ventilation",0.9999538066157752,0.9990412121942854
"Weak adjustment: deep h, faster relaxation, weaker ventilation",0.9999509744159462,0.9989824277529133
"Weak adjustment: deep h, faster relaxation, weaker ventilation",0.999947968764141,0.9989200431260707
"Weak adjustment: deep h, faster relaxation, weaker ventilation",0.9999447784099716,0.9988538383251432
"Weak adjustment: deep h, faster relaxation, weaker ventilation",0.9999413933743728,0.9987835799816057
"Weak adjustment: deep h, faster relaxation, weaker ventilation",0.9999378011169503,0.9987090205427579
"Weak adjustment: deep h, faster relaxation, weaker ventilation",0.9999339889867009,0.9986298974175863
"Weak adjustment: deep h, faster relaxation, weaker ventilation",0.9999299435648487,0.9985459320736009
"Weak adjustment: deep h, faster relaxation, weaker ventilation",0.9999256506186076,0.9984568290804597
"Weak adjustment: deep h, faster relaxation, weaker ventilation",0.9999210950524271,0.9983622750976593
"Weak adjustment: deep h, faster relaxation, weaker ventilation",0.9999162608563915,0.9982619378032094
"Weak adjustment: deep h, faster relaxation, weaker ventilation",0.9999111310516295,0.9981554647600511
"Weak adjustment: deep h, faster relaxation, weaker ventilation",0.9999056869872972,0.9980424822172755
"Weak adjustment: deep h, faster relaxation, weaker ventilation",0.9998999108209687,0.9979225938400621
"Weak adjustment: deep h, faster relaxation, weaker ventilation",0.9998937816988848,0.9977953793708519
"Weak adjustment: deep h, faster relaxation, weaker ventilation",0.9998872781543685,0.9976603932097982
"Weak adjustment: deep h, faster relaxation, weaker ventilation",0.9998803774279971,0.9975171629164385
"Weak adjustment: deep h, faster relaxation, weaker ventilation",0.9998730553912458,0.9973651876260847
"Weak adjustment: deep h, faster relaxation, weaker ventilation",0.9998652864659425,0.9972039363769705
"Weak adjustment: deep h, faster relaxation, weaker ventilation",0.9998570435392062,0.9970328463436735
"Weak adjustment: deep h, faster relaxation, weaker ventilation",0.9998482978736567,0.9968513209721643
"Weak adjustment: deep h, faster relaxation, weaker ventilation",0.9998390183745915,0.996658728012413
"Weak adjustment: deep h, faster relaxation, weaker ventilation",0.9998291740033264,0.9964543974393488
"Weak adjustment: deep h, faster relaxation, weaker ventilation",0.9998187299580378,0.996237619267551
"Weak adjustment: deep h, faster relaxation, weaker ventilation",0.9998076500023999,0.996007641240821
"Weak adjustment: deep h, faster relaxation, weaker ventilation",0.9997958957474079,0.9957636664013841
"Weak adjustment: deep h, faster relaxation, weaker ventilation",0.9997834265280879,0.9955048505293914
"Weak adjustment: deep h, faster relaxation, weaker ventilation",0.9997701992737913,0.9952302994479065
"Weak adjustment: deep h, faster relaxation, weaker ventilation",0.9997561683717605,0.9949390661879017
"Weak adjustment: deep h, faster relaxation, weaker ventilation",0.9997412855237124,0.9946301480077534
"Weak adjustment: deep h, faster relaxation, weaker ventilation",0.9997254989651313,0.9943024832629969
"Weak adjustment: deep h, faster relaxation, weaker ventilation",0.9997087557888934,0.9939549481137885
"Weak adjustment: deep h, faster relaxation, weaker ventilation",0.9996909981118326,0.9935863530823557
"Weak adjustment: deep h, faster relaxation, weaker ventilation",0.9996721653103335,0.9931954394324297
"Weak adjustment: deep h, faster relaxation, weaker ventilation",0.9996521932443752,0.9927808753827109
"Weak adjustment: deep h, faster relaxation, weaker ventilation",0.999631014066891,0.9923412521432649
"Weak adjustment: deep h, faster relaxation, weaker ventilation",0.9996085560245279,0.9918750797718648
"Weak adjustment: deep h, faster relaxation, weaker ventilation",0.9995847432496063,0.991380782846764
"Weak adjustment: deep h, faster relaxation, weaker ventilation",0.9995594955431526,0.9908566959529989
"Weak adjustment: deep h, faster relaxation, weaker ventilation",0.9995327275283936,0.9903010589821576
"Weak adjustment: deep h, faster relaxation, weaker ventilation",0.999504350860269,0.989712012232457
"Weak adjustment: deep h, faster relaxation, weaker ventilation",0.9994742703684194,0.989087591338354
"Weak adjustment: deep h, faster relaxation, weaker ventilation",0.9994423861779351,0.9884257219925476
"Weak adjustment: deep h, faster relaxation, weaker ventilation",0.9994085928622441,0.9877242144912335
"Weak adjustment: deep h, faster relaxation, weaker ventilation",0.9993727791724257,0.9869807580959366
"Weak adjustment: deep h, faster relaxation, weaker ventilation",0.9993348277582091,0.986192915220082
"Weak adjustment: deep h, faster relaxation, weaker ventilation",0.999294614881067,0.9853581154489301
"Weak adjustment: deep h, faster relaxation, weaker ventilation",0.9992520101199551,0.984473649404056
"Weak adjustment: deep h, faster relaxation, weaker ventilation",0.9992068760703977,0.9835366624664718
"Weak adjustment: deep h, faster relaxation, weaker ventilation",0.9991590673928955,0.9825441483795582
"Weak adjustment: deep h, faster relaxation, weaker ventilation",0.9991084330424654,0.9814929427306346
"Weak adjustment: deep h, faster relaxation, weaker ventilation",0.9990548121974967,0.9803797163908807
"Weak adjustment: deep h, faster relaxation, weaker ventilation",0.9989980364110742,0.9792009688721495
"Weak adjustment: deep h, faster relaxation, weaker ventilation",0.9989379286849802,0.9779530216880449
"Weak adjustment: deep h, faster relaxation, weaker ventilation",0.9988743031537719,0.976632011739265
"Weak adjustment: deep h, faster relaxation, weaker ventilation",0.9988069647727602,0.975233884773388
"Weak adjustment: deep h, faster relaxation, weaker ventilation",0.9987357090124713,0.9737543889727678
"Weak adjustment: deep h, faster relaxation, weaker ventilation",0.998660321562566,0.9721890687316493
"Weak adjustment: deep h, faster relaxation, weaker ventilation",0.9985805774212899,0.9705332586978911
"Weak adjustment: deep h, faster relaxation, weaker ventilation",0.9984962431014031,0.9687820781211447
"Weak adjustment: deep h, faster relaxation, weaker ventilation",0.9984070727284731,0.9669304256835737
"Weak adjustment: deep h, faster relaxation, weaker ventilation",0.9983128102239069,0.9649729747947129
"Weak adjustment: deep h, faster relaxation, weaker ventilation",0.9982131885230124,0.9629041695440931
"Weak adjustment: deep h, faster relaxation, weaker ventilation",0.9981079294222531,0.9607182213977153
"Weak adjustment: deep h, faster relaxation, weaker ventilation",0.9979967434695028,0.9584091067753076
"Weak adjustment: deep h, faster relaxation, weaker ventilation",0.9978793299042464,0.9559705656521373
"Weak adjustment: deep h, faster relaxation, weaker ventilation",0.9977553766552815,0.9533961013417789
"Weak adjustment: deep h, faster relaxation, weaker ventilation",0.997624560404102,0.950678981629055
"Weak adjustment: deep h, faster relaxation, weaker ventilation",0.9974865460859594,0.9478122414460315
"Weak adjustment: deep h, faster relaxation, weaker ventilation",0.9973409896229823,0.9447886872219916
"Weak adjustment: deep h, faster relaxation, weaker ventilation",0.9971875345244454,0.9416009032704331
"Weak adjustment: deep h, faster relaxation, weaker ventilation",0.9970258147500097,0.938241260226445
"Weak adjustment: deep h, faster relaxation, weaker ventilation",0.9968554546420936,0.9347019259132521
"Weak adjustment: deep h, faster relaxation, weaker ventilation",0.9966760695876298,0.9309748788150939
"Weak adjustment: deep h, faster relaxation, weaker ventilation",0.9964872668180976,0.9270519244088112
"Weak adjustment: deep h, faster relaxation, weaker ventilation",0.9962886463596213,0.9229247146002953
"Weak adjustment: deep h, faster relaxation, weaker ventilation",0.9960798021449084,0.9185847705121534
"Weak adjustment: deep h, faster relaxation, weaker ventilation",0.9958603232985823,0.9140235088650465
"Weak adjustment: deep h, faster relaxation, weaker ventilation",0.9956297949772047,0.9092322722045164
"Weak adjustment: deep h, faster relaxation, weaker ventilation",0.995387802520312,0.9042023630872454
"Weak adjustment: deep h, faster relaxation, weaker ventilation",0.9951339296382689,0.8989250826858834
"Weak adjustment: deep h, faster relaxation, weaker ventilation",0.9948677629165976,0.8933917736434929
"Weak adjustment: deep h, faster relaxation, weaker ventilation",0.9945888935178123,0.8875938675651199
"Weak adjustment: deep h, faster relaxation, weaker ventilation",0.9942969197040803,0.8815229371398028
"Weak adjustment: deep h, faster relaxation, weaker ventilation",0.9939914495840712,0.875170752948127
"Weak adjustment: deep h, faster relaxation, weaker ventilation",0.9936721040824016,0.8685293449311843
"Weak adjustment: deep h, faster relaxation, weaker ventilation",0.9933385201265178,0.861591068423703
"Weak adjustment: deep h, faster relaxation, weaker ventilation",0.992990354041829,0.854348674570872
"Weak adjustment: deep h, faster relaxation, weaker ventilation",0.9926272851413653,0.846795384855217
"Weak adjustment: deep h, faster relaxation, weaker ventilation",0.9922490188665536,0.838924969386661
"Weak adjustment: deep h, faster relaxation, weaker ventilation",0.9918552931747515,0.8307318282948893
"Weak adjustment: deep h, faster relaxation, weaker ventilation",0.9914458789153341,0.822211076046353
"Weak adjustment: deep h, faster relaxation, weaker ventilation",0.991020586370007,0.8133586273953157
"Weak adjustment: deep h, faster relaxation, weaker ventilation",0.990579268826243,0.8041712845297251
"Weak adjustment: deep h, faster relaxation, weaker ventilation",0.9901218267445492,0.7946468242675458
"Weak adjustment: deep h, faster relaxation, weaker ventilation",0.989648211869117,0.7847840842276564
"Weak adjustment: deep h, faster relaxation, weaker ventilation",0.9891584312228606,0.7745830467577404
"Weak adjustment: deep h, faster relaxation, weaker ventilation",0.9886525509230399,0.7640449192987081
"Weak adjustment: deep h, faster relaxation, weaker ventilation",0.9881306997496221,0.7531722097787753
"Weak adjustment: deep h, faster relaxation, weaker ventilation",0.9875930723956086,0.7419687955651839
"Weak adjustment: deep h, faster relaxation, weaker ventilation",0.9870399323268185,0.7304399844624742
"Weak adjustment: deep h, faster relaxation, weaker ventilation",0.9864716141784763,0.7185925662377443
"Weak adjustment: deep h, faster relaxation, weaker ventilation",0.9858885250075342,0.7064348532242715
"Weak adjustment: deep h, faster relaxation, weaker ventilation",0.9852911479719942,0.6939767083091753
"Weak adjustment: deep h, faster relaxation, weaker ventilation",0.9846800393275619,0.6812295596382196
"Weak adjustment: deep h, faster relaxation, weaker ventilation",0.9840558306817367,0.6682063999936857
"Weak adjustment: deep h, faster relaxation, weaker ventilation",0.9834192275136105,0.6549217705010961
"Weak adjustment: deep h, faster relaxation, weaker ventilation",0.9827710074827881,0.641391727650727
"Weak adjustment: deep h, faster relaxation, weaker ventilation",0.9821120179160735,0.6276337931827591
"Weak adjustment: deep h, faster relaxation, weaker ventilation",0.981443172464654,0.6136668866405292
"Weak adjustment: deep h, faster relaxation, weaker ventilation",0.9807654469401375,0.5995112407192301
"Weak adjustment: deep h, faster relaxation, weaker ventilation",0.9800798743541317,0.5851882998772856
"Weak adjustment: deep h, faster relaxation, weaker ventilation",0.9793875392027249,0.5707206030250739
"Weak adjustment: deep h, faster relaxation, weaker ventilation",0.9786895710536717,0.5561316514503164
"Weak adjustment: deep h, faster relaxation, weaker ventilation",0.9779871375098089,0.5414457634704234
"Weak adjustment: deep h, faster relaxation, weaker ventilation",0.9772814366366643,0.5266879176084108
"Weak adjustment: deep h, faster relaxation, weaker ventilation",0.9765736889549627,0.5118835863601789
"Weak adjustment: deep h, faster relaxation, weaker ventilation",0.975865129109218,0.49705856284736083
"Weak adjustment: deep h, faster relaxation, weaker ventilation",0.9751569973315031,0.4822387828234607
"Weak adjustment: deep h, faster relaxation, weaker ventilation",0.9744505308245539,0.46745014461516765
"Weak adjustment: deep h, faster relaxation, weaker ventilation",0.9737469551903105,0.45271832963139247
"Weak adjustment: deep h, faster relaxation, weaker ventilation",0.9730474760288517,0.4380686260578093
"Weak adjustment: deep h, faster relaxation, weaker ventilation",0.9723532708284006,0.4235257582750872
"Weak adjustment: deep h, faster relaxation, weaker ventilation",0.9716654812599187,0.4091137243975951
"Weak adjustment: deep h, faster relaxation, weaker ventilation",0.970985205979919,0.39485564413142216
"Weak adjustment: deep h, faster relaxation, weaker ventilation",0.9703134940329992,0.3807736189033078
"Weak adjustment: deep h, faster relaxation, weaker ventilation",0.9696513389315742,0.3668886059244792
"Weak adjustment: deep h, faster relaxation, weaker ventilation",0.9689996734748748,0.3532203075354056
"Weak adjustment: deep h, faster relaxation, weaker ventilation",0.9683593653530312,0.33978707683993026
"Weak adjustment: deep h, faster relaxation, weaker ventilation",0.9677312135654682,0.3266058402909952
"Weak adjustment: deep h, faster relaxation, weaker ventilation",0.9671159456663947,0.3136920375459438
"Weak adjustment: deep h, faster relaxation, weaker ventilation",0.9665142158344183,0.3010595785770155
"Weak adjustment: deep h, faster relaxation, weaker ventilation",0.9659266037485349,0.2887208177110659
"Weak adjustment: deep h, faster relaxation, weaker ventilation",0.9653536142394459,0.27668654398912834
"Weak adjustment: deep h, faster relaxation, weaker ventilation",0.964795677673464,0.264965986987119
"Weak adjustment: deep h, faster relaxation, weaker ventilation",0.9642531510164734,0.25356683702799754
"Weak adjustment: deep h, faster relaxation, weaker ventilation",0.9637263195175573,0.24249527854555789
"Weak adjustment: deep h, faster relaxation, weaker ventilation",0.9632153989460783,0.23175603523167537
"Weak adjustment: deep h, faster relaxation, weaker ventilation",0.9627205383121142,0.22135242551174816
"Weak adjustment: deep h, faster relaxation, weaker ventilation",0.9622418229981502,0.21128642684540105
"Weak adjustment: deep h, faster relaxation, weaker ventilation",0.9617792782296501,0.20155874733837173
"Weak adjustment: deep h, faster relaxation, weaker ventilation",0.9613328728133839,0.1921689031731733
"Weak adjustment: deep h, faster relaxation, weaker ventilation",0.9609025230749861,0.18311530041632534
"Weak adjustment: deep h, faster relaxation, weaker ventilation",0.9604880969309083,0.17439531983400924
"Weak adjustment: deep h, faster relaxation, weaker ventilation",0.9600894180345284,0.1660054034412283
"Weak adjustment: deep h, faster relaxation, weaker ventilation",0.9597062699413957,0.15794114161718453
"Weak adjustment: deep h, faster relaxation, weaker ventilation",0.9593384002442904,0.15019735973719203
"Weak adjustment: deep h, faster relaxation, weaker ventilation",0.9589855246346893,0.1427682033948779
"Weak adjustment: deep h, faster relaxation, weaker ventilation",0.9586473314142144,0.13564722138918447
"Weak adjustment: deep h, faster relaxation, weaker ventilation",0.958323483038624,0.1288274459507777
"Weak adjustment: deep h, faster relaxation, weaker ventilation",0.9580136231844967,0.12230146927058719
"Weak adjustment: deep h, faster relaxation, weaker ventilation",0.9577173778957944,0.11606151640557048
"Weak adjustment: deep h, faster relaxation, weaker ventilation",0.9574343594131453,0.1100995138363821
"Weak adjustment: deep h, faster relaxation, weaker ventilation",0.9571641692075937,0.10440715360072014
"Weak adjustment: deep h, faster relaxation, weaker ventilation",0.9569064007937889,0.09897595282930467
"Weak adjustment: deep h, faster relaxation, weaker ventilation",0.9566606423199246,0.09379730861709652
"Weak adjustment: deep h, faster relaxation, weaker ventilation",0.95642647893494,0.08886254823115367
"Weak adjustment: deep h, faster relaxation, weaker ventilation",0.9562034949362801,0.08416297471541563
"Weak adjustment: deep h, faster relaxation, weaker ventilation",0.9559912757037521,0.07968990800211477
"Weak adjustment: deep h, faster relaxation, weaker ventilation",0.9557894094269496,0.07543472167997674
"Weak adjustment: deep h, faster relaxation, weaker ventilation",0.955597489201439,0.07138887558729146
"Weak adjustment: deep h, faster relaxation, weaker ventilation",0.9554151120797709,0.0675439445238068
"Weak adjustment: deep h, faster relaxation, weaker ventilation",0.9552418837145845,0.06389164308546952
"Weak adjustment: deep h, faster relaxation, weaker ventilation",0.9550774170135907,0.06042384715801914
"Weak adjustment: deep h, faster relaxation, weaker ventilation",0.9549213335799549,0.057132612084819415
"Weak adjustment: deep h, faster relaxation, weaker ventilation",0.9547732644175001,0.054010187847448425
"Weak adjustment: deep h, faster relaxation, weaker ventilation",0.9546328505057614,0.05104903148759498
"Weak adjustment: deep h, faster relaxation, weaker ventilation",0.9544997432562994,0.048241817009962024
"Weak adjustment: deep h, faster relaxation, weaker ventilation",0.954373604861352,0.04558144299882184
"Weak adjustment: deep h, faster relaxation, weaker ventilation",0.9542541085454362,0.04306103817185326
